{
  "r2_score": 0.4024460316539743,
  "mae": 584.540458759357,
  "max_error": 11339.724764307324
}